id,name,group_size,created_at,updated_at
019a35ed-fa55-7d33-9cc7-fc58c8c09ff5,か,4,2025-10-30 16:22:59.951245+00,2025-10-30 16:22:59.951245+00
019a396f-5842-7e93-8f2d-ce3b237c775e,ゆにねこ,1,2025-10-31 08:43:09.783491+00,2025-10-31 08:43:09.783491+00
019a3cb0-614d-70c0-a0a3-b3e229184c38,テスト,2,2025-10-31 23:53:03.608527+00,2025-10-31 23:53:03.608527+00
019a3cd6-9cab-7f06-91ab-dc6232588ea0,t,2,2025-11-01 00:34:49.153042+00,2025-11-01 00:34:49.153042+00
019a3d06-86af-74f3-b5aa-b95995e9d5ec,バナナゴリラ,2,2025-11-01 01:27:09.255082+00,2025-11-01 01:27:09.255082+00
019a3d07-496a-7577-b102-3d7a45e070b0,りぼんちゃん,2,2025-11-01 01:27:59.083053+00,2025-11-01 01:27:59.083053+00
019a3d18-2df0-7eb2-9ba4-4e12a646f41b,wan,1,2025-11-01 01:46:26.16198+00,2025-11-01 01:46:26.16198+00
019a3d18-57a3-7568-be94-e0301bd36398,ワンゲル,2,2025-11-01 01:46:36.835986+00,2025-11-01 01:46:36.835986+00
019a3d18-85e4-753f-9010-2f14ea6da464,TKM49TH,3,2025-11-01 01:46:48.676831+00,2025-11-01 01:46:48.676831+00
019a3d28-2dfa-7435-b3b6-9b90b374c28d,みわしな,2,2025-11-01 02:03:54.74683+00,2025-11-01 02:03:54.74683+00
019a3d28-2ea7-728d-8b53-255e9fdffbc8,豆腐ドーナツ食べたい,2,2025-11-01 02:03:54.919652+00,2025-11-01 02:03:54.919652+00
019a3d3e-379c-70ad-a72d-70ad58e53271,huly,2,2025-11-01 02:27:59.004221+00,2025-11-01 02:27:59.004221+00
019a3d4c-9a79-71a5-b06e-bd2b55f6b944,まつたけ,1,2025-11-01 02:43:41.817476+00,2025-11-01 02:43:41.817476+00
019a3d4d-82ea-76b5-aa26-522f9c28af76,なかにし,4,2025-11-01 02:44:41.322387+00,2025-11-01 02:44:41.322387+00
019a3d4d-af21-7748-9937-375485d34c75,Shimane,2,2025-11-01 02:44:52.641499+00,2025-11-01 02:44:52.641499+00
019a3d4e-9c57-77a2-963a-281579c94c07,パイナップル,2,2025-11-01 02:45:53.36745+00,2025-11-01 02:45:53.36745+00
019a3d5d-029f-767c-9451-2f7a76094296,チームなかの,2,2025-11-01 03:01:37.055541+00,2025-11-01 03:01:37.055541+00
019a3d5d-523d-797f-885c-23a484bd42a4,わ,1,2025-11-01 03:01:57.437515+00,2025-11-01 03:01:57.437515+00
019a3d5d-83cc-73db-a7d8-50c798af8f04,北さん,2,2025-11-01 03:02:10.124165+00,2025-11-01 03:02:10.124165+00
019a3d6e-382d-7932-801e-0b3a2bad8d6d,チームエース,2,2025-11-01 03:20:24.877715+00,2025-11-01 03:20:24.877715+00
019a3d6e-5cf7-72be-b589-1b93c45b9e46,からあげ,2,2025-11-01 03:20:34.295285+00,2025-11-01 03:20:34.295285+00
019a3d6e-9312-7682-9861-14360d386b4b,京阪,2,2025-11-01 03:20:48.146615+00,2025-11-01 03:20:48.146615+00
019a3d6e-a250-70f0-b714-62102ef355cb,学分,2,2025-11-01 03:20:52.047971+00,2025-11-01 03:20:52.047971+00
019a3d6e-bb5b-7d4e-8f45-2ac902d16b26,みーちゃまだいすきクラブ,2,2025-11-01 03:20:58.459854+00,2025-11-01 03:20:58.459854+00
019a3d80-7e54-7373-ba34-f51c1af85f44,かける,2,2025-11-01 03:40:22.484864+00,2025-11-01 03:40:22.484864+00
019a3d80-b0fa-75dc-8731-1a410f8f80e0,たけち,4,2025-11-01 03:40:35.450624+00,2025-11-01 03:40:35.450624+00
019a3d80-e892-7729-976c-f90e7e26d7dd,いももち,2,2025-11-01 03:40:49.6827+00,2025-11-01 03:40:49.6827+00
019a3d80-f0bd-7e92-9776-81611e8993de,GECS,2,2025-11-01 03:40:51.774357+00,2025-11-01 03:40:51.774357+00
019a3d81-5af8-7595-81a7-8e30c8f08d81,阪大生だもん,2,2025-11-01 03:41:18.968703+00,2025-11-01 03:41:18.968703+00
019a3d82-93ae-7e46-9d03-dacc66186737,ぱぱあや,2,2025-11-01 03:42:39.02327+00,2025-11-01 03:42:39.02327+00
019a3d93-a24d-794d-be97-bf04ecf2c71b,Rose,2,2025-11-01 04:01:16.878036+00,2025-11-01 04:01:16.878036+00
019a3d93-a73c-7c9f-b6c1-868a32fed61b,えーぴーぶ,2,2025-11-01 04:01:18.141054+00,2025-11-01 04:01:18.141054+00
019a3d93-b712-7a53-8ef8-07f9e9a4714e,おちまる,3,2025-11-01 04:01:22.195126+00,2025-11-01 04:01:22.195126+00
019a3d93-beeb-7837-978c-75762453441b,ヒュースのベビカス,2,2025-11-01 04:01:24.203906+00,2025-11-01 04:01:24.203906+00
019a3d93-f088-72e3-aff8-614392aa7104,アマキーズ,2,2025-11-01 04:01:36.904408+00,2025-11-01 04:01:36.904408+00
019a3d94-73b6-7af4-a650-9a843d4f7a96,MIYA,2,2025-11-01 04:02:10.486954+00,2025-11-01 04:02:10.486954+00
019a3d94-a9aa-75d8-bdc5-83eccde99baf,親ばか,2,2025-11-01 04:02:24.298635+00,2025-11-01 04:02:24.298635+00
019a3d96-2e47-7d94-a927-6792d1e283d7,ヒュースのベビカス,2,2025-11-01 04:04:03.784247+00,2025-11-01 04:04:03.784247+00
019a3da4-cfdc-7a95-bffc-e2fe6b5bbb55,km,1,2025-11-01 04:20:02.653417+00,2025-11-01 04:20:02.653417+00
019a3da4-dd0f-7514-989d-a466faeff1b3,ねこぱんだず,2,2025-11-01 04:20:06.031753+00,2025-11-01 04:20:06.031753+00
019a3da4-f984-7bb2-8574-346339855d3d,お絵サー謎解き部,2,2025-11-01 04:20:13.317486+00,2025-11-01 04:20:13.317486+00
019a3da5-288d-79a9-ba77-3f52c06ffcae,あさってちはや,2,2025-11-01 04:20:25.3582+00,2025-11-01 04:20:25.3582+00
019a3da5-41d4-79bc-ad9d-f7ad014094fa,つかだのエリート,3,2025-11-01 04:20:31.828949+00,2025-11-01 04:20:31.828949+00
019a3da5-4841-7c9d-a714-2a73ef23b07e,応用理工,2,2025-11-01 04:20:33.474438+00,2025-11-01 04:20:33.474438+00
019a3da5-737d-76eb-89e3-bbf25a9f803d,弱ブルネイ,2,2025-11-01 04:20:44.541922+00,2025-11-01 04:20:44.541922+00
019a3da5-755a-77fa-8379-199ad6077af7,ちーむでぃー,2,2025-11-01 04:20:45.019116+00,2025-11-01 04:20:45.019116+00
019a3da5-8f4c-7b72-9316-bb2f0c7eac0c,井上心,3,2025-11-01 04:20:51.66113+00,2025-11-01 04:20:51.66113+00
019a3da6-048d-78e1-9ff3-bc5ffcdbfe5c,Binary,2,2025-11-01 04:21:21.677914+00,2025-11-01 04:21:21.677914+00
019a3da6-5566-7003-9b94-effa0dff8a8a,井上心_analog binary cup絶賛発売中,3,2025-11-01 04:21:42.374367+00,2025-11-01 04:21:42.374367+00
019a3da7-f041-792b-8b86-0c9ebe3578d7,もっちゃん,2,2025-11-01 04:23:27.562674+00,2025-11-01 04:23:27.562674+00
019a3dae-f757-78da-b53f-4e569bf07000,弱ブルネイ,2,2025-11-01 04:31:08.120169+00,2025-11-01 04:31:08.120169+00
019a3dba-98ef-72e0-8b6a-29f09820910c,黄色い湯葉,3,2025-11-01 04:43:50.384026+00,2025-11-01 04:43:50.384026+00
019a3dba-b012-7e01-ab33-9602ccd1376e,にゅなこ,2,2025-11-01 04:43:56.307666+00,2025-11-01 04:43:56.307666+00
019a3dba-bb08-7694-b205-fb5b75536a34,ーとりぶ,3,2025-11-01 04:43:59.113244+00,2025-11-01 04:43:59.113244+00
019a3dba-ec20-71fa-87d3-4a262ea5c096,だざいふ,3,2025-11-01 04:44:11.681376+00,2025-11-01 04:44:11.681376+00
019a3dbb-fb52-7898-bd69-3015aba674a5,太田クラス,2,2025-11-01 04:45:21.10723+00,2025-11-01 04:45:21.10723+00
019a3dbc-1072-7e96-826a-2e9a5f59470e,はんこん,2,2025-11-01 04:45:26.516141+00,2025-11-01 04:45:26.516141+00
019a3dbc-6cbb-7ce4-a508-d4c085665efe,wayaka,2,2025-11-01 04:45:50.140594+00,2025-11-01 04:45:50.140594+00
019a3dcd-665a-7169-bbff-ba6fd9cb54bd,旅クラ🎶,2,2025-11-01 05:04:22.618939+00,2025-11-01 05:04:22.618939+00
019a3dcd-9d62-7f3c-b9c3-632cf42800fa,キャリボト,2,2025-11-01 05:04:36.707903+00,2025-11-01 05:04:36.707903+00
019a3dcd-baa8-70ef-8a3c-8b2c57b41d3d,cats,2,2025-11-01 05:04:44.201109+00,2025-11-01 05:04:44.201109+00
019a3dce-d8fe-7440-a406-7e8add590917,有川ファミリー,3,2025-11-01 05:05:57.503113+00,2025-11-01 05:05:57.503113+00
019a3dce-dcfd-778c-a81e-0e4eef9b0e63,ちゃっぴーず,4,2025-11-01 05:05:58.526503+00,2025-11-01 05:05:58.526503+00
019a3dcf-dd5a-7bb3-8c91-cf217ead0303,ぴむぷくん,2,2025-11-01 05:07:04.155799+00,2025-11-01 05:07:04.155799+00
019a3dd0-34fb-7ee3-ae0e-38c18e42fb79,合唱人,2,2025-11-01 05:07:26.588901+00,2025-11-01 05:07:26.588901+00
019a3dd1-51d3-7f2e-84b6-5b5fd18d17f7,ラブ,2,2025-11-01 05:08:39.508936+00,2025-11-01 05:08:39.508936+00
019a3dd2-29e7-746c-92da-77d0fef96177,ラブ,2,2025-11-01 05:09:34.824451+00,2025-11-01 05:09:34.824451+00
019a3ddd-4115-7a0d-a8c2-bb49c47c93ff,ラブ,2,2025-11-01 05:21:41.654859+00,2025-11-01 05:21:41.654859+00
019a3de3-ea79-75cd-bdf6-ae9e5829e3b4,02T,2,2025-11-01 05:28:58.24287+00,2025-11-01 05:28:58.24287+00
019a3de4-5b27-7030-9f4b-53b2ec575b45,インスパ,2,2025-11-01 05:29:27.08002+00,2025-11-01 05:29:27.08002+00
019a3de4-7689-7a48-b7f4-685be02e1177,u202504i,2,2025-11-01 05:29:34.090836+00,2025-11-01 05:29:34.090836+00
019a3de4-76d3-7af4-89a5-a67a2d372359,阪大生協,3,2025-11-01 05:29:34.164726+00,2025-11-01 05:29:34.164726+00
019a3de4-d691-74ad-981f-0b288717790f,はる,2,2025-11-01 05:29:58.674388+00,2025-11-01 05:29:58.674388+00
019a3de5-6a43-73d7-94e0-d473e4d7c1db,ま,2,2025-11-01 05:30:36.484461+00,2025-11-01 05:30:36.484461+00
019a3de5-6fb6-762c-adad-15abbf45932e,ま,2,2025-11-01 05:30:37.879244+00,2025-11-01 05:30:37.879244+00
019a3de5-c226-777f-97d7-89f52cfb8b6e,ラブマジ^2,2,2025-11-01 05:30:58.983604+00,2025-11-01 05:30:58.983604+00
019a3de5-c392-78b3-be6b-6a48663ab5bf,いんせい,2,2025-11-01 05:30:59.347455+00,2025-11-01 05:30:59.347455+00
019a3de5-eb1d-782f-ad83-58736f622988,鯵,3,2025-11-01 05:31:09.470396+00,2025-11-01 05:31:09.470396+00
019a3de6-3342-77d1-927c-39b04d0177f7,けんたうろす食べ放題,2,2025-11-01 05:31:27.939377+00,2025-11-01 05:31:27.939377+00
019a3de6-43a0-7168-a838-efb89fc686b1,みそのん,2,2025-11-01 05:31:32.129097+00,2025-11-01 05:31:32.129097+00
019a3de6-e43a-7894-aca9-a1f325569f64,にし,2,2025-11-01 05:32:13.243486+00,2025-11-01 05:32:13.243486+00
019a3dfb-4617-759a-a275-fc5bc4777cf0,ハラカミインパクト,2,2025-11-01 05:54:29.016217+00,2025-11-01 05:54:29.016217+00
019a3dfb-79aa-7bf9-9bb7-1350750e5fb5,ゆうひあおは,2,2025-11-01 05:54:42.219625+00,2025-11-01 05:54:42.219625+00
019a3dfb-a9b0-72aa-a7f5-04f03799c7ae,ゲオバイト落ちた,2,2025-11-01 05:54:54.512998+00,2025-11-01 05:54:54.512998+00
019a3dfb-d812-79e8-94ee-27eba9c88569,チーム小泉r2-519,4,2025-11-01 05:55:06.38733+00,2025-11-01 05:55:06.38733+00
019a3dfc-7b5f-7b64-8e06-1d18877acfcb,太子町,3,2025-11-01 05:55:48.192261+00,2025-11-01 05:55:48.192261+00
019a3dfc-dac4-7013-a487-c576e2a19090,けいご,4,2025-11-01 05:56:12.612468+00,2025-11-01 05:56:12.612468+00
019a3dfd-ec02-740a-856b-d929fa508bd9,親指にゃんこ,2,2025-11-01 05:57:22.562683+00,2025-11-01 05:57:22.562683+00
019a3dfe-1504-71e0-ae7c-36fe2e429109,マロコロ,4,2025-11-01 05:57:33.060567+00,2025-11-01 05:57:33.060567+00
019a3e0f-a70a-7c5f-90ac-cc5e8f3c002f,女子ーズ,3,2025-11-01 06:16:44.555109+00,2025-11-01 06:16:44.555109+00
019a3e0f-d5f4-7b0f-b592-861e3c401f5c,PERSONAGRATA,3,2025-11-01 06:16:56.565211+00,2025-11-01 06:16:56.565211+00
019a3e10-8271-731d-8711-41e83aab7500,麻雀同好会,4,2025-11-01 06:17:40.721557+00,2025-11-01 06:17:40.721557+00
019a3e10-9dfc-79f3-b879-fb3ea097cae5,マカヌタネハエ,1,2025-11-01 06:17:47.772887+00,2025-11-01 06:17:47.772887+00
019a3e10-d259-74e9-901b-b43f0ac2f086,zoooo,3,2025-11-01 06:18:01.177851+00,2025-11-01 06:18:01.177851+00
019a3e11-b1bb-75c3-95dd-5d5b82d6a208,せせらぎ,1,2025-11-01 06:18:58.363674+00,2025-11-01 06:18:58.363674+00
019a3e12-4049-7f0b-9e6f-ba76f55d7884,どいちゅらんど,2,2025-11-01 06:19:34.858521+00,2025-11-01 06:19:34.858521+00
019a3e23-10a4-780f-b415-08b270b1bd87,むつなな,2,2025-11-01 06:37:56.772731+00,2025-11-01 06:37:56.772731+00
019a3e23-5739-7eb3-847f-35dd4628d236,ダブルイケメン,2,2025-11-01 06:38:14.842085+00,2025-11-01 06:38:14.842085+00
019a3e23-fdc6-7bf1-bd0e-6a7acb32c8ae,とねやま,3,2025-11-01 06:38:57.479078+00,2025-11-01 06:38:57.479078+00
019a3e24-b7ea-723d-aa66-e7830cf93ba8,にこにこ,2,2025-11-01 06:39:45.130207+00,2025-11-01 06:39:45.130207+00
019a3e25-3e71-79c7-8b9d-028e8baa06fa,れいぴー,2,2025-11-01 06:40:19.570096+00,2025-11-01 06:40:19.570096+00
019a3e25-3f56-76cd-8d01-0d7f2e748984,味玉トッピング号,3,2025-11-01 06:40:19.798461+00,2025-11-01 06:40:19.798461+00
019a3e25-51ab-79e8-a958-f14cdf76ccf1,虹色革命ボックス,3,2025-11-01 06:40:24.491956+00,2025-11-01 06:40:24.491956+00
019a3e25-a82b-709e-a4b3-f1a40c3769da,写真ガチ勢,2,2025-11-01 06:40:46.635372+00,2025-11-01 06:40:46.635372+00
019a3e25-c038-7be3-ab0b-277dd37ddacc,M.,2,2025-11-01 06:40:52.792768+00,2025-11-01 06:40:52.792768+00
019a3e35-f13f-78a7-8193-575f34c6a5a5,いつのまにかアラサー,2,2025-11-01 06:58:33.919853+00,2025-11-01 06:58:33.919853+00
019a3e36-7cf2-7951-9703-7ae782830440,ツナとモヤシの野菜炒め,2,2025-11-01 06:59:09.682545+00,2025-11-01 06:59:09.682545+00
019a3e36-8c04-7b1e-bd0c-ce791714fad5,あおですこんにちは,2,2025-11-01 06:59:13.540847+00,2025-11-01 06:59:13.540847+00
019a3e36-a04e-7036-8626-50efc3c197fb,かなあや,3,2025-11-01 06:59:18.73394+00,2025-11-01 06:59:18.73394+00
019a3e36-e1a7-710a-bb81-679e191a1fc6,ななしのるい,2,2025-11-01 06:59:35.463357+00,2025-11-01 06:59:35.463357+00
019a3e37-8e9e-7bc0-994e-ee9a27f18025,かんりん,4,2025-11-01 07:00:19.742828+00,2025-11-01 07:00:19.742828+00
019a3e37-f797-7aa2-862e-2bead2821bc9,まさ,3,2025-11-01 07:00:46.61562+00,2025-11-01 07:00:46.61562+00
019a3e38-44c8-76cf-b9fb-fd152dea8820,ブンブンベース,2,2025-11-01 07:01:06.376472+00,2025-11-01 07:01:06.376472+00
019a3e48-ff46-7295-ac1f-86626f1d68fe,こっしーず,4,2025-11-01 07:19:22.694068+00,2025-11-01 07:19:22.694068+00
019a3e49-0eee-7e85-8bb0-7c8f39f4b90a,チーム西谷,2,2025-11-01 07:19:26.7032+00,2025-11-01 07:19:26.7032+00
019a3e49-5fb4-7ee3-9257-44b052b8eb9b,ボヘミアンズ,2,2025-11-01 07:19:47.380805+00,2025-11-01 07:19:47.380805+00
019a3e49-83bc-7b52-9d26-563bdfbe0e02,師匠と弟子,2,2025-11-01 07:19:56.604538+00,2025-11-01 07:19:56.604538+00
019a3e49-8f33-79f5-862a-23200a5fbac3,フォニイ,2,2025-11-01 07:19:59.539764+00,2025-11-01 07:19:59.539764+00
019a3e49-de6b-79fd-8c07-5cbc8a3be14c,chihomochi,2,2025-11-01 07:20:19.819711+00,2025-11-01 07:20:19.819711+00
019a3e49-f544-77b3-9569-aa6dcc06fea1,くま,3,2025-11-01 07:20:25.668562+00,2025-11-01 07:20:25.668562+00
019a3e4a-2a8f-77b8-9771-9d0fc2745dbf,きらパン,2,2025-11-01 07:20:39.311567+00,2025-11-01 07:20:39.311567+00
019a3e4a-355c-758f-865b-7c7c2ffdc25e,ズーム🍎,2,2025-11-01 07:20:42.076431+00,2025-11-01 07:20:42.076431+00
019a3e4a-d6b5-70f3-b0ca-79ff2ebad851,ひとみ,1,2025-11-01 07:21:23.38945+00,2025-11-01 07:21:23.38945+00
019a3e4b-4f45-773f-93b6-d403ef20309a,テスト,1,2025-11-01 07:21:54.245248+00,2025-11-01 07:21:54.245248+00
019a3e5b-95fa-748c-90bd-c23164448f03,さとちゃんず,2,2025-11-01 07:39:40.922217+00,2025-11-01 07:39:40.922217+00
019a3e5b-9995-7270-b2f0-ba544508e775,デンノロ,2,2025-11-01 07:39:41.84503+00,2025-11-01 07:39:41.84503+00
019a3e5b-eeb9-7812-9247-67a1d86f739d,阪神,2,2025-11-01 07:40:03.641417+00,2025-11-01 07:40:03.641417+00
019a3e5c-5433-79ab-a576-bbe31c5c71a0,ローストビーフ,2,2025-11-01 07:40:29.619852+00,2025-11-01 07:40:29.619852+00
019a3e5c-5d45-7995-ad9d-667dc3bd029a,石井,2,2025-11-01 07:40:31.941621+00,2025-11-01 07:40:31.941621+00
019a3e5c-6391-7915-b912-c16b5b6c71e9,かえる,2,2025-11-01 07:40:33.553416+00,2025-11-01 07:40:33.553416+00
019a3e5c-8ad8-7620-bbd6-13a30ed16a6c,パジャマパーティーズ,2,2025-11-01 07:40:43.608309+00,2025-11-01 07:40:43.608309+00
019a3e5c-de64-764e-9727-6dc3ca9d0a12,想畢業,3,2025-11-01 07:41:04.996462+00,2025-11-01 07:41:04.996462+00
019a3e5d-5cb3-7608-a3cf-b279da3223f1,あしき先生の学生,4,2025-11-01 07:41:37.331373+00,2025-11-01 07:41:37.331373+00
019a3e5d-6193-764c-881b-5bbb868f49b3,絶滅黒髪少女,2,2025-11-01 07:41:38.579359+00,2025-11-01 07:41:38.579359+00
019a3e5d-7825-7758-b6db-f45b1d1e8aa3,阪神,2,2025-11-01 07:41:44.357394+00,2025-11-01 07:41:44.357394+00
019a3e5d-f7c7-7051-acf1-e76bee7a60ee,にょーん,2,2025-11-01 07:42:17.03111+00,2025-11-01 07:42:17.03111+00
019a3e70-6f3e-73b5-bff5-4271353f7922,たか,2,2025-11-01 08:02:27.262019+00,2025-11-01 08:02:27.262019+00
019a3e70-9a07-7718-a073-21792357921d,おとなり,2,2025-11-01 08:02:38.215057+00,2025-11-01 08:02:38.215057+00
019a3e70-d052-70c6-a3fd-dce7253318fa,珍獣とみゃあ,2,2025-11-01 08:02:52.114011+00,2025-11-01 08:02:52.114011+00
019a3e70-ea49-7457-8aee-82536f37a250,ぽめさん,3,2025-11-01 08:02:58.760788+00,2025-11-01 08:02:58.760788+00
019a3e71-0c39-7524-bc93-f42a432d3c7c,ZOO脳派集団,2,2025-11-01 08:03:07.44893+00,2025-11-01 08:03:07.44893+00
019a3e72-4d4d-7f15-b9c0-b98f4f4d71f3,pmb,2,2025-11-01 08:04:29.645606+00,2025-11-01 08:04:29.645606+00
019a3e72-7aac-7451-b69a-09fff1599225,まおまお団,2,2025-11-01 08:04:41.260055+00,2025-11-01 08:04:41.260055+00
019a3e72-87fb-7b05-aed7-777adaec94a7,えむず,2,2025-11-01 08:04:44.667261+00,2025-11-01 08:04:44.667261+00
019a3e72-9daf-7409-a631-b63bb468b998,黄色,3,2025-11-01 08:04:50.222878+00,2025-11-01 08:04:50.222878+00
019a3e84-1142-76cf-8b19-4641b2a6fb61,YIBO,2,2025-11-01 08:23:53.921707+00,2025-11-01 08:23:53.921707+00
019a422b-a40f-7185-84e8-9183d1c654da,なのはな,4,2025-11-02 01:25:47.679921+00,2025-11-02 01:25:47.679921+00
019a423c-c36e-7109-9885-c24dad24cac2,やきとり,2,2025-11-02 01:44:29.806843+00,2025-11-02 01:44:29.806843+00
019a423c-fd49-7be3-bcc7-63e75925ebf9,オリーブ,3,2025-11-02 01:44:44.618037+00,2025-11-02 01:44:44.618037+00
019a424d-b1d9-76ec-9957-f95e70f3f076,ちゃま,2,2025-11-02 02:02:59.417995+00,2025-11-02 02:02:59.417995+00
019a424e-3c6c-789d-827c-acb2e4003027,AKB84,2,2025-11-02 02:03:34.89366+00,2025-11-02 02:03:34.89366+00
019a424e-a145-79f8-ad7d-7f4a6a9d2197,ゆーふぉ,2,2025-11-02 02:04:00.709743+00,2025-11-02 02:04:00.709743+00
019a424e-b893-77cb-9c98-d4579389a637,月食,2,2025-11-02 02:04:06.675747+00,2025-11-02 02:04:06.675747+00
019a425d-dffa-79db-ac78-e6f06b490dee,あやつよ,2,2025-11-02 02:20:39.8032+00,2025-11-02 02:20:39.8032+00
019a425e-7d18-7a53-9c3c-486fb40f5651,ともやん,2,2025-11-02 02:21:20.025208+00,2025-11-02 02:21:20.025208+00
019a425f-a3e4-71c7-92bd-e9cd29975d8b,五郎丸,2,2025-11-02 02:22:35.492391+00,2025-11-02 02:22:35.492391+00
019a425f-e086-792a-b9e3-91d6d0e49425,瀬をはやみ,2,2025-11-02 02:22:51.014905+00,2025-11-02 02:22:51.014905+00
019a4260-30f4-7ae5-9667-0d5007f4303b,メルビル,3,2025-11-02 02:23:11.605403+00,2025-11-02 02:23:11.605403+00
019a4260-6446-749a-95ca-c3d11b311538,ふるいけ,3,2025-11-02 02:23:24.742879+00,2025-11-02 02:23:24.742879+00
019a4260-dd1e-7303-ba7d-cb81e52bb835,原田,3,2025-11-02 02:23:55.679522+00,2025-11-02 02:23:55.679522+00
019a4261-2348-7a6d-b15f-58aeab0b914d,ピーナッツ,2,2025-11-02 02:24:13.641401+00,2025-11-02 02:24:13.641401+00
019a4272-34e9-7ab2-a92c-97e95d7d0400,元イジン,3,2025-11-02 02:42:52.266331+00,2025-11-02 02:42:52.266331+00
019a4272-4086-7cf1-8205-27ed6a136b6c,ナカタ,2,2025-11-02 02:42:55.239076+00,2025-11-02 02:42:55.239076+00
019a4272-7fc7-7cc7-a502-1a2d9259ce87,はしはし,3,2025-11-02 02:43:11.431904+00,2025-11-02 02:43:11.431904+00
019a4273-40c6-7c6a-b7b2-eb5e80b61597,ナカタ,2,2025-11-02 02:44:00.839083+00,2025-11-02 02:44:00.839083+00
019a4273-9c6a-72bc-8b12-70e13b96f827,しゅうご&みな,2,2025-11-02 02:44:24.298418+00,2025-11-02 02:44:24.298418+00
019a4273-cce2-7bda-9a12-ad28a484bfc7,目玉,2,2025-11-02 02:44:36.72003+00,2025-11-02 02:44:36.72003+00
019a4274-6148-76c3-bca1-007528466164,むーしえ,3,2025-11-02 02:45:14.69682+00,2025-11-02 02:45:14.69682+00
019a4288-12fe-7ebe-8bdc-496f80c5a316,ブリトーおいしい,2,2025-11-02 03:06:45.375421+00,2025-11-02 03:06:45.375421+00
019a4288-cc32-74df-af16-59372fcfac88,みーちゃん,2,2025-11-02 03:07:32.790171+00,2025-11-02 03:07:32.790171+00
019a4288-ef40-75f5-9585-058899f90a82,hiro,2,2025-11-02 03:07:41.760859+00,2025-11-02 03:07:41.760859+00
019a4289-06c4-77f2-a2a3-13d876bc4a6f,みず,1,2025-11-02 03:07:47.781068+00,2025-11-02 03:07:47.781068+00
019a4289-0dff-73fe-a272-4e09dd5e7e20,Z,2,2025-11-02 03:07:49.631704+00,2025-11-02 03:07:49.631704+00
019a4289-1216-7ccf-962a-d796a133c1eb,Ｋファミリー,4,2025-11-02 03:07:50.679293+00,2025-11-02 03:07:50.679293+00
019a4296-ae27-7884-b9c3-00467b4c3f79,Ｋファミリー,4,2025-11-02 03:22:42.599987+00,2025-11-02 03:22:42.599987+00
019a429d-16ae-758d-98f2-9e85f6b9f17b,む。,1,2025-11-02 03:29:42.574653+00,2025-11-02 03:29:42.574653+00
019a429d-1d16-7b19-94a2-9632e528343a,take,1,2025-11-02 03:29:44.215028+00,2025-11-02 03:29:44.215028+00
019a429d-2014-7d7f-81f1-8b6c324d7dac,いちご,2,2025-11-02 03:29:44.983932+00,2025-11-02 03:29:44.983932+00
019a429d-f1c4-7bdb-a8d9-fb95d69fef81,外語ツインズ,2,2025-11-02 03:30:38.662118+00,2025-11-02 03:30:38.662118+00
019a429e-7da1-728a-97df-eec6b2cae193,ねずみ部,2,2025-11-02 03:31:14.466119+00,2025-11-02 03:31:14.466119+00
019a429e-b204-79b2-a112-63d80bd16b30,ねずみ部,3,2025-11-02 03:31:27.882711+00,2025-11-02 03:31:27.882711+00
019a42a1-d5fb-7855-81bf-b9e3bd8d9eaf,チームわにさん,3,2025-11-02 03:34:53.692239+00,2025-11-02 03:34:53.692239+00
019a42b1-c4ae-72bc-b8a0-fb1775099658,チームガクエフ,2,2025-11-02 03:52:17.838841+00,2025-11-02 03:52:17.838841+00
019a42b1-e5ec-7824-8cd3-12ea2106a346,ボドゲ,4,2025-11-02 03:52:26.349125+00,2025-11-02 03:52:26.349125+00
019a42b2-1add-78d3-8bc1-add4125112f1,怠惰,1,2025-11-02 03:52:39.902219+00,2025-11-02 03:52:39.902219+00
019a42b2-5742-75fe-9750-4f2133d93130,瀬をはやみ2,2,2025-11-02 03:52:55.363296+00,2025-11-02 03:52:55.363296+00
019a42b2-dd46-7733-a6df-ec6673fa4c82,世界のジュンタカギ,2,2025-11-02 03:53:29.671203+00,2025-11-02 03:53:29.671203+00
019a42b2-e527-708a-b3d1-70eca6475e09,親指,3,2025-11-02 03:53:31.687665+00,2025-11-02 03:53:31.687665+00
019a42b3-5cb1-791a-bd5a-0a6aa7251982,親指（いいと思う！）,2,2025-11-02 03:54:02.29036+00,2025-11-02 03:54:02.29036+00
019a42b3-793b-7bc7-a5a6-cac6ec9d8ac7,チームKG,2,2025-11-02 03:54:09.596743+00,2025-11-02 03:54:09.596743+00
019a42b3-7a58-7be6-98e0-5342e2766c58,田所周,3,2025-11-02 03:54:09.881675+00,2025-11-02 03:54:09.881675+00
019a42b3-86c7-76cf-abd2-f520ac2e83c7,宮内レオ,3,2025-11-02 03:54:13.064164+00,2025-11-02 03:54:13.064164+00
019a42b3-88a6-7619-8e04-619501e57022,くにとも,4,2025-11-02 03:54:13.543223+00,2025-11-02 03:54:13.543223+00
019a42b3-cc01-79ed-b0b6-8777aa49d6ba,田所周,3,2025-11-02 03:54:30.786242+00,2025-11-02 03:54:30.786242+00
019a42b4-a9f0-7a9a-8224-50e0a24fed4d,くにとも,4,2025-11-02 03:55:27.601762+00,2025-11-02 03:55:27.601762+00
019a42b5-a482-7471-8447-b98d09f06d40,KYK,3,2025-11-02 03:56:31.746897+00,2025-11-02 03:56:31.746897+00
019a42b5-bd2b-7855-93b4-e92e31681488,手弱女,4,2025-11-02 03:56:38.060214+00,2025-11-02 03:56:38.060214+00
019a42c5-6942-7220-9e61-b7d1045d8a09,社会人,2,2025-11-02 04:13:45.154935+00,2025-11-02 04:13:45.154935+00
019a42c8-99eb-70eb-b7bc-603efd260574,papaya,2,2025-11-02 04:17:14.22003+00,2025-11-02 04:17:14.22003+00
019a42c8-bfc0-70f3-9548-6bd4d89bb3aa,ホゲータ,3,2025-11-02 04:17:23.905102+00,2025-11-02 04:17:23.905102+00
019a42c8-f19e-75cd-b42a-309331e1f584,徳健財,2,2025-11-02 04:17:36.671069+00,2025-11-02 04:17:36.671069+00
019a42c9-4825-7639-b663-5068bd9e6670,AAA,2,2025-11-02 04:17:58.822147+00,2025-11-02 04:17:58.822147+00
019a42c9-70ab-71cb-94b4-a2710f010ed8,taco,3,2025-11-02 04:18:09.196155+00,2025-11-02 04:18:09.196155+00
019a42c9-70b3-7408-9e40-2451a714dd07,しき,1,2025-11-02 04:18:09.204378+00,2025-11-02 04:18:09.204378+00
019a42c9-8598-757f-94e3-2768c8492aae,Shunsuke,2,2025-11-02 04:18:14.553251+00,2025-11-02 04:18:14.553251+00
019a42ca-6a2e-709d-9752-646e4d69a82d,def,2,2025-11-02 04:19:13.070912+00,2025-11-02 04:19:13.070912+00
019a42db-a802-74fc-8597-cfa02d3a85b8,ピカチュウ,2,2025-11-02 04:38:03.023671+00,2025-11-02 04:38:03.023671+00
019a42db-c3ae-710e-a8de-73ac00cc2b38,ASK,3,2025-11-02 04:38:10.095138+00,2025-11-02 04:38:10.095138+00
019a42db-c6c3-733b-a3e8-391b2655ddc1,さぼてん,3,2025-11-02 04:38:10.884343+00,2025-11-02 04:38:10.884343+00
019a42db-e7ad-7c00-b0b5-fd0947fe1e40,ギョドン,2,2025-11-02 04:38:19.310975+00,2025-11-02 04:38:19.310975+00
019a42dc-aeeb-7ed2-a44e-be82e1fd93bd,チーズ,2,2025-11-02 04:39:10.317007+00,2025-11-02 04:39:10.317007+00
019a42dd-3a91-7615-99a1-547f38c7fc24,ピカチュウ,2,2025-11-02 04:39:46.066702+00,2025-11-02 04:39:46.066702+00
019a42dd-615f-7641-8e5e-6ab377233af3,荻田,4,2025-11-02 04:39:56.000515+00,2025-11-02 04:39:56.000515+00
019a42dd-6466-78dc-aab9-8c269902164c,ちーむ心友,2,2025-11-02 04:39:56.775854+00,2025-11-02 04:39:56.775854+00
019a42dd-8cd4-7ae7-8386-e94f7657f384,テレタビーズ,3,2025-11-02 04:40:07.125821+00,2025-11-02 04:40:07.125821+00
019a42dd-8dd1-76f7-bf73-77c50a32efdf,たけたけ,2,2025-11-02 04:40:07.378583+00,2025-11-02 04:40:07.378583+00
019a42dd-98ea-79d7-b5fd-073139c8f045,テリーオンドラ,1,2025-11-02 04:40:10.220414+00,2025-11-02 04:40:10.220414+00
019a42e3-3179-7a23-aa46-f423aa5bb1e6,奏,2,2025-11-02 04:46:16.954964+00,2025-11-02 04:46:16.954964+00
019a42ed-c756-7d8d-9c4a-e458ab546ece,ねこ部,3,2025-11-02 04:57:50.680372+00,2025-11-02 04:57:50.680372+00
019a42ee-52f0-78df-89ae-8b5d331301d2,センリオカ,2,2025-11-02 04:58:26.417781+00,2025-11-02 04:58:26.417781+00
019a42ee-ac38-7670-9d9b-c36030294724,チーム親子,2,2025-11-02 04:58:49.273514+00,2025-11-02 04:58:49.273514+00
019a42ef-a1c5-76f4-82cd-af6dce03fb93,何,3,2025-11-02 04:59:52.134579+00,2025-11-02 04:59:52.134579+00
019a42ef-cff8-79e4-97ec-daba06ed42b6,C2A,2,2025-11-02 05:00:03.96221+00,2025-11-02 05:00:03.96221+00
019a42f0-e263-7e25-8168-be90b67ef96e,コッカちゃん,2,2025-11-02 05:01:14.21335+00,2025-11-02 05:01:14.21335+00
019a42fe-eaad-745e-8387-7e96b98b227f,ちゅちゅみ,2,2025-11-02 05:16:33.838275+00,2025-11-02 05:16:33.838275+00
019a42ff-31f0-76bd-b678-8f1955666ea0,天災,4,2025-11-02 05:16:52.082026+00,2025-11-02 05:16:52.082026+00
019a42ff-401e-7427-8a1c-b43853c2611d,堀川高校放送局,2,2025-11-02 05:16:55.711196+00,2025-11-02 05:16:55.711196+00
019a42ff-6f39-762a-b176-4956544a4f0d,ジャイアン,2,2025-11-02 05:17:07.770241+00,2025-11-02 05:17:07.770241+00
019a42ff-72ed-79b1-a226-5944b6bae54a,チームBKC,2,2025-11-02 05:17:08.7188+00,2025-11-02 05:17:08.7188+00
019a42ff-a88f-72ae-815a-6ff9175ae1d8,ｷﾞﾀﾞｲ,4,2025-11-02 05:17:22.448127+00,2025-11-02 05:17:22.448127+00
019a4301-c4ef-7f0f-9523-42682c8fae0d,いつこ,2,2025-11-02 05:19:40.786178+00,2025-11-02 05:19:40.786178+00
019a4302-74bd-74a5-8c9f-086cddaf58c2,ベイブ2,4,2025-11-02 05:20:25.790681+00,2025-11-02 05:20:25.790681+00
019a4302-d80b-72ce-8a38-93ad3384a111,あ？,2,2025-11-02 05:20:51.212169+00,2025-11-02 05:20:51.212169+00
019a4311-ac8a-722b-9c19-6500ecefa96e,河野健,3,2025-11-02 05:37:03.115457+00,2025-11-02 05:37:03.115457+00
019a4311-e828-7e6a-8497-f83199358f50,あや,2,2025-11-02 05:37:18.377774+00,2025-11-02 05:37:18.377774+00
019a4311-f5fe-7ac9-8aa4-03cf00e81823,え,2,2025-11-02 05:37:21.919628+00,2025-11-02 05:37:21.919628+00
019a4312-06e3-7261-ac07-e9c65b947922,東灘動物園,3,2025-11-02 05:37:26.244556+00,2025-11-02 05:37:26.244556+00
019a4312-6bec-7346-bf2a-afd3383cfc57,おいち,3,2025-11-02 05:37:52.109076+00,2025-11-02 05:37:52.109076+00
019a4312-72ab-737b-9bb6-9a632fed9ca4,チームK,3,2025-11-02 05:37:53.836256+00,2025-11-02 05:37:53.836256+00
019a4312-9acd-78c2-a1b7-1d3bb57b2e7f,smiles,2,2025-11-02 05:38:04.128182+00,2025-11-02 05:38:04.128182+00
019a4312-cbea-775b-8e75-bcf43ba116a9,大阪大学理学研究科生物科学専攻チームA,2,2025-11-02 05:38:16.683335+00,2025-11-02 05:38:16.683335+00
019a4312-d1ae-7278-8b6c-06b4cdef3499,ミナッチーム,2,2025-11-02 05:38:18.159065+00,2025-11-02 05:38:18.159065+00
019a4313-1869-7634-ae02-21c59d9fec49,すしエース,2,2025-11-02 05:38:36.26628+00,2025-11-02 05:38:36.26628+00
019a4313-8f45-76a6-a573-d8e75b3e0f9b,ピッツァメン🍕,3,2025-11-02 05:39:06.69438+00,2025-11-02 05:39:06.69438+00
019a4313-bc93-7e42-b637-a8636a7fafad,にこにこ,2,2025-11-02 05:39:18.292864+00,2025-11-02 05:39:18.292864+00
019a4314-2ca5-7b57-a00e-2a78d4738bbb,ちーふです,2,2025-11-02 05:39:46.982683+00,2025-11-02 05:39:46.982683+00
019a4315-7864-7990-bcd9-320a8ab260ea,はる,3,2025-11-02 05:41:11.909892+00,2025-11-02 05:41:11.909892+00
019a431f-e7cb-764c-8852-9c93bb29f25d,あや,2,2025-11-02 05:52:35.790448+00,2025-11-02 05:52:35.790448+00
019a4325-7363-7d16-a0b1-9d0c4e5337c0,大正👊,3,2025-11-02 05:58:39.204449+00,2025-11-02 05:58:39.204449+00
019a4325-a3aa-76bf-ad10-384405665e0c,垣内家,2,2025-11-02 05:58:51.563451+00,2025-11-02 05:58:51.563451+00
019a4326-5494-7830-b7ad-37dd179a2dc6,9/26-28,3,2025-11-02 05:59:36.853179+00,2025-11-02 05:59:36.853179+00
019a4327-ece2-754a-8399-824738a147e6,KRgod,2,2025-11-02 06:01:21.379921+00,2025-11-02 06:01:21.379921+00
019a4328-ff78-7325-850f-2bed6ecfed87,OUCG,2,2025-11-02 06:02:31.673318+00,2025-11-02 06:02:31.673318+00
019a432a-198e-7d57-ad07-83a66cfe9ce4,初老,2,2025-11-02 06:03:43.887299+00,2025-11-02 06:03:43.887299+00
019a432a-2080-77b7-b337-d4f6f5e884d8,若手,3,2025-11-02 06:03:45.664915+00,2025-11-02 06:03:45.664915+00
019a4335-eaad-7315-aae9-05d356cc36fd,ひーひー兄弟,2,2025-11-02 06:16:38.317616+00,2025-11-02 06:16:38.317616+00
019a4339-ec33-7258-8310-e116d52d8a21,あべ,2,2025-11-02 06:21:00.852012+00,2025-11-02 06:21:00.852012+00
019a433a-0e0f-73ec-beae-46e826531266,551蓬莱,2,2025-11-02 06:21:09.519849+00,2025-11-02 06:21:09.519849+00
019a433a-255d-73d7-9109-0b8a50e7daa1,ピカチュウ,2,2025-11-02 06:21:15.485916+00,2025-11-02 06:21:15.485916+00
019a433a-348e-758e-b5c9-b6e00b4118e2,えびむちゃああ,2,2025-11-02 06:21:19.374782+00,2025-11-02 06:21:19.374782+00
019a433a-4ae1-7b09-9fbd-082a7e63dd73,ふりつぷ,2,2025-11-02 06:21:25.107227+00,2025-11-02 06:21:25.107227+00
019a433a-5a6e-7415-a492-0d458ebcfa82,PEANUTS,2,2025-11-02 06:21:29.070908+00,2025-11-02 06:21:29.070908+00
019a433a-6c12-76cd-ad33-4c2c4ed83d84,ゴールフリー長岡教室,4,2025-11-02 06:21:33.587059+00,2025-11-02 06:21:33.587059+00
019a433a-7fec-7bec-9d5b-4d207edcbc05,みやとはは,2,2025-11-02 06:21:38.670041+00,2025-11-02 06:21:38.670041+00
019a433b-908e-7e48-83dd-22c0fda97b98,ムーンスター,2,2025-11-02 06:22:48.463477+00,2025-11-02 06:22:48.463477+00
019a433c-287d-73a0-a264-9953721127d8,愛,2,2025-11-02 06:23:27.357708+00,2025-11-02 06:23:27.357708+00
019a433c-6756-72b4-bd5d-3bc81d606a70,We,3,2025-11-02 06:23:43.446922+00,2025-11-02 06:23:43.446922+00
019a433d-ebc0-7c52-bfb1-d8649aa13114,ふりつぷ,2,2025-11-02 06:25:22.882027+00,2025-11-02 06:25:22.882027+00
019a434c-9499-7c97-8b3a-49a35ba2554d,さくら味たぴおか,2,2025-11-02 06:41:23.610243+00,2025-11-02 06:41:23.610243+00
019a434d-02c7-7119-89ca-3638967330b5,バム,2,2025-11-02 06:41:51.815414+00,2025-11-02 06:41:51.815414+00
019a434d-4a0f-7b27-9007-d9091ac7a2f1,比嘉宝　analog binary cup 絶賛発売中！,2,2025-11-02 06:42:10.072483+00,2025-11-02 06:42:10.072483+00
019a434d-4c92-7662-b21b-5fdf9c44a6a7,大阪大学軽音楽部ROCK 代表,2,2025-11-02 06:42:10.706962+00,2025-11-02 06:42:10.706962+00
019a434d-69f8-78cf-9d7d-5dcc0155349a,ボンゴレビアンコ,2,2025-11-02 06:42:18.232862+00,2025-11-02 06:42:18.232862+00
019a434d-6a91-7944-ae13-d197ca4aaaed,だぶるかほ,2,2025-11-02 06:42:18.385858+00,2025-11-02 06:42:18.385858+00
019a434d-9ecb-7ae6-b98c-1e959983ef8e,大学院生,2,2025-11-02 06:42:31.756279+00,2025-11-02 06:42:31.756279+00
019a434d-a5ce-7313-acf3-cec142c3a93a,おりがみだいすき,2,2025-11-02 06:42:33.550499+00,2025-11-02 06:42:33.550499+00
019a434d-c148-7838-85a5-694a38b7af11,食品女,4,2025-11-02 06:42:40.585261+00,2025-11-02 06:42:40.585261+00
019a434d-ddf3-7a41-9906-d21a2d575abc,管理男,3,2025-11-02 06:42:47.924239+00,2025-11-02 06:42:47.924239+00
019a434d-f879-7ce4-9ea9-bdb8ed5ed113,星園,2,2025-11-02 06:42:54.714337+00,2025-11-02 06:42:54.714337+00
019a434e-0191-700d-ace7-5761b5f0fbf3,ニート予備軍,2,2025-11-02 06:42:57.041823+00,2025-11-02 06:42:57.041823+00
019a434e-0537-7c73-9461-433e71d02225,おおむ,2,2025-11-02 06:42:57.976372+00,2025-11-02 06:42:57.976372+00
019a434e-7102-75d6-9c63-ebd3d7944596,なまはむ,2,2025-11-02 06:43:25.570846+00,2025-11-02 06:43:25.570846+00
019a434e-a780-7dba-b4cd-f5eb2606b8f7,食女,4,2025-11-02 06:43:39.521606+00,2025-11-02 06:43:39.521606+00
019a434f-066f-778a-8511-f80114ec725d,さくら味のたぴおか,2,2025-11-02 06:44:03.823929+00,2025-11-02 06:44:03.823929+00
019a434f-0ad5-78b1-8c37-4d37ca57585a,ayukano,2,2025-11-02 06:44:04.949821+00,2025-11-02 06:44:04.949821+00
019a4350-91e9-7f1b-a85e-00f591bcca2c,なまはむ,2,2025-11-02 06:45:45.066261+00,2025-11-02 06:45:45.066261+00
019a4361-0ee1-7a99-a534-a0bec66b37ae,ひげちん,2,2025-11-02 07:03:45.634031+00,2025-11-02 07:03:45.634031+00
019a4361-4970-713d-91a0-f7763d8f4aca,22歳児,4,2025-11-02 07:04:00.624218+00,2025-11-02 07:04:00.624218+00
019a4361-4aa5-784c-bd92-b9dfd1feecde,ぴーくん,2,2025-11-02 07:04:00.934082+00,2025-11-02 07:04:00.934082+00
019a4361-6b7e-716c-8e53-2cb7b141e19b,Y&F,2,2025-11-02 07:04:09.342193+00,2025-11-02 07:04:09.342193+00
019a4361-807c-7682-8cb2-41dd32ab9ea6,河馬と馬鹿,2,2025-11-02 07:04:14.716758+00,2025-11-02 07:04:14.716758+00
019a4361-9adc-714a-a3ec-60bd71125424,アゴピーん,2,2025-11-02 07:04:21.468208+00,2025-11-02 07:04:21.468208+00
019a4361-b8a8-792c-a71e-642257e7fee2,3 外国人,3,2025-11-02 07:04:29.096982+00,2025-11-02 07:04:29.096982+00
019a4362-c4dd-7a07-b117-1e2f5d2d0ac7,チームめがね,2,2025-11-02 07:05:37.758123+00,2025-11-02 07:05:37.758123+00
019a4373-0f38-7a1c-bb43-90fee184e83c,だいき,3,2025-11-02 07:23:25.369418+00,2025-11-02 07:23:25.369418+00
019a4373-831d-70f4-b61b-363c34e98b8d,あやか,2,2025-11-02 07:23:55.038074+00,2025-11-02 07:23:55.038074+00
019a4373-83d3-700f-885d-482b06468336,anex,2,2025-11-02 07:23:55.219579+00,2025-11-02 07:23:55.219579+00
019a4373-9ec2-76fb-94e8-958130294d84,食物連鎖,2,2025-11-02 07:24:02.114877+00,2025-11-02 07:24:02.114877+00
019a4373-ed23-79b7-9b22-16b3a7703d62,伝説のおおたあつし,3,2025-11-02 07:24:22.180172+00,2025-11-02 07:24:22.180172+00
019a4374-a210-7b83-8b12-455c1b9c80ab,北ちゃん,2,2025-11-02 07:25:08.497195+00,2025-11-02 07:25:08.497195+00
019a4374-d2e8-7605-974d-098e779f5f00,チャイ語,2,2025-11-02 07:25:21.001022+00,2025-11-02 07:25:21.001022+00
019a4386-9e8c-7be8-b2f5-1995db3c0b9a,バートン,2,2025-11-02 07:44:47.244959+00,2025-11-02 07:44:47.244959+00
019a4386-c5fe-74eb-bf9b-55de5956e669,法相花子,2,2025-11-02 07:44:57.342763+00,2025-11-02 07:44:57.342763+00
019a4386-e8a0-7845-9723-08bc1f3c18c9,ユパ,2,2025-11-02 07:45:06.209034+00,2025-11-02 07:45:06.209034+00
019a4388-8d8b-77a6-8acd-c9d88ae6fff0,あきひな,2,2025-11-02 07:46:53.963556+00,2025-11-02 07:46:53.963556+00
019a4389-d1fe-7e72-b379-fd7022810f51,はるまま,2,2025-11-02 07:48:17.02318+00,2025-11-02 07:48:17.02318+00
019a438a-5860-725d-9a7e-6eb636952ce2,らくほっくん,2,2025-11-02 07:48:51.424262+00,2025-11-02 07:48:51.424262+00
019a438a-fde6-7666-a81d-a129f6ffd75d,んぽちゃむ,2,2025-11-02 07:49:33.798812+00,2025-11-02 07:49:33.798812+00
019a439c-6c1f-75c6-a7c7-60d20f3ce588,ランニング界隈,3,2025-11-02 08:08:36.128043+00,2025-11-02 08:08:36.128043+00
019a439d-70ff-7964-b828-94b92f701770,bfcb4,2,2025-11-02 08:09:42.911961+00,2025-11-02 08:09:42.911961+00
019a439d-d25c-7123-8476-8b6bbb784eaa,かわい,1,2025-11-02 08:10:07.836363+00,2025-11-02 08:10:07.836363+00
019a439d-fe47-7172-82f6-53ed6379594c,ランニング界隈A,1,2025-11-02 08:10:19.079746+00,2025-11-02 08:10:19.079746+00
019a43a0-b2a3-7b22-9777-bbbc7ef01a49,かいとう,1,2025-11-02 08:13:16.324062+00,2025-11-02 08:13:16.324062+00
019a43a0-b939-79b8-9cbe-e6a0e3f90f6f,こうべう,2,2025-11-02 08:13:18.009976+00,2025-11-02 08:13:18.009976+00
019a43a0-c86e-74e9-b966-9816498cfa28,あれぱる,2,2025-11-02 08:13:21.902986+00,2025-11-02 08:13:21.902986+00
019a43af-673d-77a2-9709-713df2aae63f,やごし,1,2025-11-02 08:29:20.06185+00,2025-11-02 08:29:20.06185+00
019a43af-8243-7dc9-8ea0-537e6ded5abb,たけうま,1,2025-11-02 08:29:26.980267+00,2025-11-02 08:29:26.980267+00
019a43af-8350-75e9-9ef1-5121cd9075b2,あっぷる,1,2025-11-02 08:29:27.248648+00,2025-11-02 08:29:27.248648+00
019a43af-b113-7bd3-a270-6c8e825f83d6,せの,2,2025-11-02 08:29:38.964217+00,2025-11-02 08:29:38.964217+00
019a43af-dfb2-78ed-9336-032f55a4cf59,田中悠靖,1,2025-11-02 08:29:50.898755+00,2025-11-02 08:29:50.898755+00
019a43af-e2cc-7992-9d44-c972906e825b,はーふ,1,2025-11-02 08:29:51.692829+00,2025-11-02 08:29:51.692829+00
019a43b0-600e-71e1-b9d3-d6df5e48fcf4,マダガスカル産,1,2025-11-02 08:30:23.771309+00,2025-11-02 08:30:23.771309+00
019a43b0-c64b-7c9b-a4ba-11777792fdb6,たけうま,1,2025-11-02 08:30:49.932026+00,2025-11-02 08:30:49.932026+00
019a43c1-96e6-7813-b499-cfce5bbc2d96,淀川区民,2,2025-11-02 08:49:11.911116+00,2025-11-02 08:49:11.911116+00
019a43c1-c11a-7916-8504-450e474519fb,小野原,2,2025-11-02 08:49:22.71499+00,2025-11-02 08:49:22.71499+00
019a43c1-fafe-7737-a361-a27aa00d133d,とうふどーなつ,2,2025-11-02 08:49:37.535236+00,2025-11-02 08:49:37.535236+00
019a43c2-0a1a-78e1-84dd-b93d6aa336d5,ステージ局,2,2025-11-02 08:49:41.403224+00,2025-11-02 08:49:41.403224+00
019a43c4-34c6-7338-b813-2abb66de842c,ステージ局,2,2025-11-02 08:52:03.399849+00,2025-11-02 08:52:03.399849+00
019a43d1-6892-7ec1-9eaa-c02be6c19497,ART,2,2025-11-02 09:06:28.62762+00,2025-11-02 09:06:28.62762+00
019a43d3-f3da-7370-8ac7-bb06d4c6ea09,いっぺい,4,2025-11-02 09:09:15.354585+00,2025-11-02 09:09:15.354585+00
019a43d4-3894-734e-a8cc-76cf9b282eb4,ITサークル,2,2025-11-02 09:09:32.94866+00,2025-11-02 09:09:32.94866+00
019a43d4-a1bd-7771-8852-fb9bd67c95d6,ビーナス文珠,3,2025-11-02 09:09:59.87+00,2025-11-02 09:09:59.87+00
019a43d4-cd02-7606-b3fb-bb86f0cc1ce7,筋肉系マジシャン,3,2025-11-02 09:10:10.947071+00,2025-11-02 09:10:10.947071+00
019a43d5-2d4c-7595-af92-69251f190427,ITサークル,2,2025-11-02 09:10:35.596695+00,2025-11-02 09:10:35.596695+00
019a43d5-35c5-76e9-9c03-b7e14869aa0c,ちゃむ,4,2025-11-02 09:10:37.765867+00,2025-11-02 09:10:37.765867+00
019a43d5-4e19-7eb3-ae9b-c4ef5f8c0659,いっぱい,4,2025-11-02 09:10:43.994401+00,2025-11-02 09:10:43.994401+00
019a44cc-663b-7d0e-955c-8acadaa3e1f7,test,1,2025-11-02 13:40:37.568661+00,2025-11-02 13:40:37.568661+00
019a44cc-b95d-7514-ac8a-3714a20e73e3,test,1,2025-11-02 13:40:58.846633+00,2025-11-02 13:40:58.846633+00
019a44cd-3f7d-75bf-84e9-4eba9bc066fe,松本優也,1,2025-11-02 13:41:33.182404+00,2025-11-02 13:41:33.182404+00
019a44cd-6ce6-7558-9e2a-7ca21ca902f9,松本優也,1,2025-11-02 13:41:44.807359+00,2025-11-02 13:41:44.807359+00
019a44cd-c2eb-79b2-b85c-1feb203834c2,test,1,2025-11-02 13:42:06.828705+00,2025-11-02 13:42:06.828705+00
019a44cd-fee9-75e9-b316-6abbb35224f0,test,1,2025-11-02 13:42:22.186493+00,2025-11-02 13:42:22.186493+00
019a4741-52ee-7ab1-b22b-670d1d977bcb,としゆきせら,3,2025-11-03 01:07:34.771313+00,2025-11-03 01:07:34.771313+00
019a4742-3ecd-7ab3-b980-18b0603e371e,としゆきせら,3,2025-11-03 01:08:35.152772+00,2025-11-03 01:08:35.152772+00
019a4742-5ba7-7a48-afc0-32fc274d5d51,ははとはく,2,2025-11-03 01:08:42.538535+00,2025-11-03 01:08:42.538535+00
019a4742-756a-7468-bdf2-e7399260a821,あやの,2,2025-11-03 01:08:49.133501+00,2025-11-03 01:08:49.133501+00
019a4742-fea7-7e43-afba-549849ad6828,スッパイファミリー,4,2025-11-03 01:09:24.266623+00,2025-11-03 01:09:24.266623+00
019a4755-ada0-7241-9844-ed961a6f5e02,フクフク,2,2025-11-03 01:29:48.707484+00,2025-11-03 01:29:48.707484+00
019a4756-32c0-7b91-97a0-1b2108d01c5d,ボド研,2,2025-11-03 01:30:22.787734+00,2025-11-03 01:30:22.787734+00
019a4756-ac04-7076-a23f-a3bc408755b7,わに,2,2025-11-03 01:30:53.852155+00,2025-11-03 01:30:53.852155+00
019a4756-ed4f-75dd-a121-379fa3f9477e,グロタンディーク素数,1,2025-11-03 01:31:10.546245+00,2025-11-03 01:31:10.546245+00
019a4757-bb79-7ad4-9baa-d9de1e8e2645,ななみ,1,2025-11-03 01:32:03.326084+00,2025-11-03 01:32:03.326084+00
019a4758-61ca-76a2-b6e1-ca265d63fac1,グロタンディーク素数,1,2025-11-03 01:32:45.902556+00,2025-11-03 01:32:45.902556+00
019a4768-8309-7a2d-b5e9-6295b0b55ee4,くまもとくーこー,3,2025-11-03 01:50:22.988378+00,2025-11-03 01:50:22.988378+00
019a4768-daf8-7254-a556-b40a214dd7ae,じょきぽねfeat.OUAT,2,2025-11-03 01:50:45.498822+00,2025-11-03 01:50:45.498822+00
019a4768-f365-7258-8bf7-052ec402f516,ハラハラ,2,2025-11-03 01:50:51.75207+00,2025-11-03 01:50:51.75207+00
019a4769-be85-7713-a690-0920bdec37b8,鈴木,2,2025-11-03 01:51:43.752098+00,2025-11-03 01:51:43.752098+00
019a476a-3677-7cd7-af94-27a63d53c7f0,チャーリー,3,2025-11-03 01:52:14.458533+00,2025-11-03 01:52:14.458533+00
019a476b-e6bc-7ebc-b25e-9d0322e9a45e,かよむち,2,2025-11-03 01:54:05.119722+00,2025-11-03 01:54:05.119722+00
019a4779-90bb-73b6-b2fc-50cc5333c052,竹組,2,2025-11-03 02:09:00.606273+00,2025-11-03 02:09:00.606273+00
019a477b-4303-7494-897e-bcc59fd9ce13,天城,1,2025-11-03 02:10:51.782552+00,2025-11-03 02:10:51.782552+00
019a477b-541c-75a7-8e1d-20d3fbb413eb,かおう,1,2025-11-03 02:10:56.159501+00,2025-11-03 02:10:56.159501+00
019a477b-59a1-76cd-a7e4-3852eb2dd849,け,1,2025-11-03 02:10:57.572357+00,2025-11-03 02:10:57.572357+00
019a477b-6813-713f-b164-be81495de752,ハナ,1,2025-11-03 02:11:01.270056+00,2025-11-03 02:11:01.270056+00
019a477b-6e39-78cc-b694-cb12357463a8,だいきくん,3,2025-11-03 02:11:02.844558+00,2025-11-03 02:11:02.844558+00
019a477d-8cdd-77db-8bb5-0848746081f6,だいきくん,3,2025-11-03 02:13:21.760454+00,2025-11-03 02:13:21.760454+00
019a478a-fde8-734f-9a7c-87732a93bd8c,test,1,2025-11-03 02:28:02.667289+00,2025-11-03 02:28:02.667289+00
019a4795-2465-797c-94bf-17a1cca1721c,b,1,2025-11-03 02:39:07.880871+00,2025-11-03 02:39:07.880871+00
019a4795-3f91-712a-99d2-21cf69113034,K,1,2025-11-03 02:39:14.836372+00,2025-11-03 02:39:14.836372+00
019a4795-41b3-7ef7-b41c-5c75419911e2,ガンバ,2,2025-11-03 02:39:15.383107+00,2025-11-03 02:39:15.383107+00
019a4795-4ebe-7d48-b0c5-f309b2c87664,チームセレッソ,1,2025-11-03 02:39:18.722209+00,2025-11-03 02:39:18.722209+00
019a4795-7495-7095-bab4-814994ae59a9,塔,2,2025-11-03 02:39:28.408284+00,2025-11-03 02:39:28.408284+00
019a4797-8760-70db-9521-9e7852d18c37,おちゃ,2,2025-11-03 02:41:44.291249+00,2025-11-03 02:41:44.291249+00
019a4798-0ba9-7e2d-8e4a-7a832f9d8d0b,K,1,2025-11-03 02:42:18.157193+00,2025-11-03 02:42:18.157193+00
019a47a7-99b6-7e28-b8c2-72f31fbae96d,のんのん,1,2025-11-03 02:59:17.562408+00,2025-11-03 02:59:17.562408+00
019a47a7-f36e-707b-9907-5e90879e6efd,パパイヤ,2,2025-11-03 02:59:40.529558+00,2025-11-03 02:59:40.529558+00
019a47a7-f3d9-7865-bd00-08550863089f,パンどろぼう,3,2025-11-03 02:59:40.637103+00,2025-11-03 02:59:40.637103+00
019a47a8-1795-7dcb-a6c5-fdd8ac9f2978,H.T.,2,2025-11-03 02:59:49.78537+00,2025-11-03 02:59:49.78537+00
019a47a8-3d94-7dc9-a397-a5563c491247,T,1,2025-11-03 02:59:59.512362+00,2025-11-03 02:59:59.512362+00
019a47a8-9848-7798-b3c9-af22de6468ed,マチカリヤ,1,2025-11-03 03:00:22.731917+00,2025-11-03 03:00:22.731917+00
019a47a9-ae1e-7ac1-9e32-11b9d4ab71dc,読売巨人軍,1,2025-11-03 03:01:33.858484+00,2025-11-03 03:01:33.858484+00
019a47ab-a7cf-7b23-b27e-688e7b877c26,よしだ,1,2025-11-03 03:03:43.315247+00,2025-11-03 03:03:43.315247+00
019a47ac-5d4d-7301-8207-61df21879e63,パパイヤ,2,2025-11-03 03:04:29.77667+00,2025-11-03 03:04:29.77667+00
019a47bc-809d-71d5-a062-571bfe4417ca,きたかぜ,2,2025-11-03 03:22:07.393357+00,2025-11-03 03:22:07.393357+00
019a47bc-b267-7528-8af2-1f4a6369b865,ふわふわねこちゃんず,3,2025-11-03 03:22:20.13906+00,2025-11-03 03:22:20.13906+00
019a47bd-917e-70a2-9e11-df65229c44aa,自称進学校組,3,2025-11-03 03:23:17.249754+00,2025-11-03 03:23:17.249754+00
019a47ca-0be4-7324-a132-262879528662,にゃんこ,2,2025-11-03 03:36:55.016068+00,2025-11-03 03:36:55.016068+00
019a47cd-ff3e-71a7-8831-634e21400f6e,たかぴろ,4,2025-11-03 03:41:13.921912+00,2025-11-03 03:41:13.921912+00
019a47ce-e42d-7a85-94b5-caa414d5f71b,新生モンゴル帝国,4,2025-11-03 03:42:12.529479+00,2025-11-03 03:42:12.529479+00
019a47ce-fcff-756e-9ce7-ea3ea842b98f,大三元,3,2025-11-03 03:42:18.883471+00,2025-11-03 03:42:18.883471+00
019a47cf-5988-7ace-a0dc-958d90d1bfd8,負けたら大阪湾飛び込みます,3,2025-11-03 03:42:42.572631+00,2025-11-03 03:42:42.572631+00
019a47cf-5dbe-7dd9-94e0-76fa560abc58,あほーず,2,2025-11-03 03:42:43.650692+00,2025-11-03 03:42:43.650692+00
019a47d0-74fd-7e34-b9b3-d25c0681f606,うえむら,2,2025-11-03 03:43:55.137769+00,2025-11-03 03:43:55.137769+00
019a47d1-07e1-7d4b-8f76-12996d2a4e2f,たかぴろ,4,2025-11-03 03:44:32.759863+00,2025-11-03 03:44:32.759863+00
019a47df-b9bd-75f2-9363-b95018b5da68,チュニドラとカープ,3,2025-11-03 04:00:35.777277+00,2025-11-03 04:00:35.777277+00
019a47df-d513-7120-80a1-1f6731451c1c,みーあキャット,3,2025-11-03 04:00:42.77526+00,2025-11-03 04:00:42.77526+00
019a47e0-61ca-7e29-b542-61685eb797d9,高橋家,4,2025-11-03 04:01:18.798699+00,2025-11-03 04:01:18.798699+00
019a47e0-7522-797c-972e-2b9a1cd06056,さかな,2,2025-11-03 04:01:23.761848+00,2025-11-03 04:01:23.761848+00
019a47e0-c255-7ec4-b505-67b602597ae3,ZaZaZa,2,2025-11-03 04:01:43.514129+00,2025-11-03 04:01:43.514129+00
019a47e1-4c40-7674-9de2-e97c103a8049,ピザ屋,2,2025-11-03 04:02:18.820245+00,2025-11-03 04:02:18.820245+00
019a47e1-5e10-7342-8152-356c23b816df,高橋名探偵団,4,2025-11-03 04:02:23.38034+00,2025-11-03 04:02:23.38034+00
019a47e1-6da5-77bd-8a74-459bd753272a,ZaZaZa,2,2025-11-03 04:02:27.369656+00,2025-11-03 04:02:27.369656+00
019a47f1-5b57-78a1-8a7f-2d36791ee5ac,まめだいふく,2,2025-11-03 04:19:51.25965+00,2025-11-03 04:19:51.25965+00
019a47f1-88b7-724f-95c6-e9dfb74f350b,ヨーグルト,1,2025-11-03 04:20:02.87522+00,2025-11-03 04:20:02.87522+00
019a47f1-aa25-706e-a027-e55756ae65a5,遅刻魔,2,2025-11-03 04:20:11.432966+00,2025-11-03 04:20:11.432966+00
019a47f1-b018-732c-b92c-ed4f2f7770eb,レッド,2,2025-11-03 04:20:12.956159+00,2025-11-03 04:20:12.956159+00
019a47f1-ba15-78c9-a725-b7760fd6cfa2,はるみず,2,2025-11-03 04:20:15.513387+00,2025-11-03 04:20:15.513387+00
019a47f1-c696-7dc0-8dc0-ebf82a7ebcfc,じんか2ねん,2,2025-11-03 04:20:18.714789+00,2025-11-03 04:20:18.714789+00
019a47f2-3849-7530-930e-d9d42f85bb15,やんばるくいな,2,2025-11-03 04:20:47.821275+00,2025-11-03 04:20:47.821275+00
019a47f2-d62b-7c1a-9a51-5b286896bb82,デビルあきひろ,4,2025-11-03 04:21:28.239536+00,2025-11-03 04:21:28.239536+00
019a47f4-8cc3-78fc-afc5-b64fcbddd711,はるみず,2,2025-11-03 04:23:20.519338+00,2025-11-03 04:23:20.519338+00
019a4804-4e81-7186-8509-b1a0aa1505b6,大佐,3,2025-11-03 04:40:33.156633+00,2025-11-03 04:40:33.156633+00
019a4804-74ab-7d5f-a696-1c665b44f399,やってやんよ,1,2025-11-03 04:40:42.927336+00,2025-11-03 04:40:42.927336+00
019a4804-87a6-7a29-8ca1-97e855868f76,めいはーん,3,2025-11-03 04:40:47.786776+00,2025-11-03 04:40:47.786776+00
019a4804-8bbd-7bf6-b021-4c9ac883f166,シンエイ,1,2025-11-03 04:40:48.833251+00,2025-11-03 04:40:48.833251+00
019a4804-9a0e-7c6c-a10d-8ce80cdf4e83,ZOO,2,2025-11-03 04:40:52.498534+00,2025-11-03 04:40:52.498534+00
019a4804-bb8d-7608-a129-dd4f1f7bf24d,ゆのボーイズ,3,2025-11-03 04:41:01.072969+00,2025-11-03 04:41:01.072969+00
019a4804-eade-7eeb-922b-0d50b350a950,スーパーハイパー,2,2025-11-03 04:41:13.186474+00,2025-11-03 04:41:13.186474+00
019a4805-208d-7138-afdc-deb5e7be1ab1,たいさ,3,2025-11-03 04:41:26.928554+00,2025-11-03 04:41:26.928554+00
019a4805-541a-7b0a-9d37-dcdc97ecfaf3,時雨,1,2025-11-03 04:41:40.127288+00,2025-11-03 04:41:40.127288+00
019a4805-6f6b-7ec5-bb23-21b26caa08b6,シンエイ,1,2025-11-03 04:41:47.119404+00,2025-11-03 04:41:47.119404+00
019a4807-267e-7513-aedf-60227e04c661,SK,1,2025-11-03 04:43:39.522431+00,2025-11-03 04:43:39.522431+00
019a4807-4e8b-79d1-9461-a3f1216ebd2e,中西,3,2025-11-03 04:43:49.775287+00,2025-11-03 04:43:49.775287+00
019a4807-6997-7be6-94b1-f603617ce916,油野ボーイズ,3,2025-11-03 04:43:56.699944+00,2025-11-03 04:43:56.699944+00
019a4807-cf92-7834-aa70-7180d5a1252d,あ,2,2025-11-03 04:44:22.806238+00,2025-11-03 04:44:22.806238+00
019a4816-2fb2-79a8-9a7a-9e7dbeb1e098,ブリッジ,4,2025-11-03 05:00:04.918201+00,2025-11-03 05:00:04.918201+00
019a4816-ace7-70e0-80b2-1e11bc93bdf6,ひぐま,3,2025-11-03 05:00:36.970604+00,2025-11-03 05:00:36.970604+00
019a4816-b56e-751e-a479-f065e353b2da,みーちゃんず,2,2025-11-03 05:00:39.153695+00,2025-11-03 05:00:39.153695+00
019a4816-ba14-7837-a6fb-d321c10e271b,触感,3,2025-11-03 05:00:40.34455+00,2025-11-03 05:00:40.34455+00
019a4817-3d98-76cd-b801-cf5d3aed3f6e,ボロフコフ,4,2025-11-03 05:01:14.011779+00,2025-11-03 05:01:14.011779+00
019a4817-482d-7a8a-91b1-5019401be7fd,Y,1,2025-11-03 05:01:16.721069+00,2025-11-03 05:01:16.721069+00
019a4817-c371-7ca7-ba94-0f0d7659ffdd,名探偵コナン,4,2025-11-03 05:01:48.277408+00,2025-11-03 05:01:48.277408+00
019a4817-e0e9-70eb-8050-7a940c21c1e2,Music Society ,4,2025-11-03 05:01:55.820479+00,2025-11-03 05:01:55.820479+00
019a4818-4363-73b5-95fb-c60681b1ddea,そうすか2,2,2025-11-03 05:02:21.030636+00,2025-11-03 05:02:21.030636+00
019a4819-4c13-75d5-86bf-f3f5ef6e2f71,ちいかわ大好きグループ,2,2025-11-03 05:03:28.790916+00,2025-11-03 05:03:28.790916+00
019a4819-ba14-7b8c-8af1-809a13febc96,handai,2,2025-11-03 05:03:56.952413+00,2025-11-03 05:03:56.952413+00
019a481a-ae79-788e-b87d-34a4904782b7,あれくさい,4,2025-11-03 05:04:59.517024+00,2025-11-03 05:04:59.517024+00
019a4822-9ec4-7260-b93a-8ade7a391148,suzumi,2,2025-11-03 05:13:39.78369+00,2025-11-03 05:13:39.78369+00
019a482a-ee9f-727b-a0e7-88858016ad30,カラオケ同好会,3,2025-11-03 05:22:44.514991+00,2025-11-03 05:22:44.514991+00
019a482b-2eeb-7163-aec8-daaf2375aeec,フレミラ倶楽部,2,2025-11-03 05:23:00.974785+00,2025-11-03 05:23:00.974785+00
019a482b-450c-7b86-a436-d1d8253d7e93,おは,2,2025-11-03 05:23:06.640421+00,2025-11-03 05:23:06.640421+00
019a482b-6042-7139-932f-ee225a9e468d,あ,3,2025-11-03 05:23:13.605464+00,2025-11-03 05:23:13.605464+00
019a482b-faf8-7c43-ad14-41bf47013e98,π,2,2025-11-03 05:23:53.212533+00,2025-11-03 05:23:53.212533+00
019a482c-18e6-7ece-975a-5a3b03b1cc88,ポン太,3,2025-11-03 05:24:00.874337+00,2025-11-03 05:24:00.874337+00
019a482c-f9ac-7cce-9975-f91f27843c9c,わんぱく食いしん坊,2,2025-11-03 05:24:58.431922+00,2025-11-03 05:24:58.431922+00
019a482d-1699-7c4a-92d1-25b6431c4a7d,トロンボーン💖,4,2025-11-03 05:25:05.821696+00,2025-11-03 05:25:05.821696+00
019a483a-b76a-7880-b8ce-3174377b19e0,あっきー,2,2025-11-03 05:39:58.95802+00,2025-11-03 05:39:58.95802+00
019a483a-d35b-788f-8a4d-95a914e4c8e6,いずみ,2,2025-11-03 05:40:06.111055+00,2025-11-03 05:40:06.111055+00
019a483d-3b97-7062-8e7c-10a0d1e6c95b,地元じゃ負け知らず,2,2025-11-03 05:42:43.866546+00,2025-11-03 05:42:43.866546+00
019a483d-9535-725b-ab4e-56f02de30243,ベビーカステラーズ,2,2025-11-03 05:43:06.808504+00,2025-11-03 05:43:06.808504+00
019a484a-f48f-7458-8fbb-6f6d7f5e04d5,門田権左衛門,2,2025-11-03 05:57:43.20271+00,2025-11-03 05:57:43.20271+00
019a484b-1fbd-74b9-8b21-55c9b7827785,こはる,2,2025-11-03 05:57:54.247469+00,2025-11-03 05:57:54.247469+00
019a484b-3671-7168-9503-44931ebfe14d,のりまゆ,2,2025-11-03 05:58:00.11416+00,2025-11-03 05:58:00.11416+00
019a484b-68b8-7514-b269-895619605cc5,こはる,2,2025-11-03 05:58:12.923841+00,2025-11-03 05:58:12.923841+00
019a484b-6df0-7763-a441-568615abff88,まつなが,2,2025-11-03 05:58:14.259925+00,2025-11-03 05:58:14.259925+00
019a484b-82f5-7288-a3ee-6249a9ade3b7,ぷろもん,2,2025-11-03 05:58:19.64104+00,2025-11-03 05:58:19.64104+00
019a484b-b6a2-78c9-8086-3ffa53b556c3,かんた,2,2025-11-03 05:58:32.870138+00,2025-11-03 05:58:32.870138+00
019a484b-d930-766b-86f0-529dc8282c83,チーム今西,2,2025-11-03 05:58:41.715953+00,2025-11-03 05:58:41.715953+00
019a484b-f5b1-7337-8b3a-52895fd492ee,たこやき,2,2025-11-03 05:58:49.013214+00,2025-11-03 05:58:49.013214+00
019a484d-2203-709c-b664-0e6f0db40ba8,4215,2,2025-11-03 06:00:05.894541+00,2025-11-03 06:00:05.894541+00
019a484d-3556-7209-9e34-0fa9ec726c85,うっちー,3,2025-11-03 06:00:10.841635+00,2025-11-03 06:00:10.841635+00
019a484d-c356-78b5-b0b4-61913fb5c8eb,ブリトー,4,2025-11-03 06:00:47.194389+00,2025-11-03 06:00:47.194389+00
019a484d-d682-7d50-8543-fba0a925dc4c,侍,3,2025-11-03 06:00:52.102328+00,2025-11-03 06:00:52.102328+00
019a485c-83c4-7992-9800-c8175e68e891,ひかる,2,2025-11-03 06:16:53.960278+00,2025-11-03 06:16:53.960278+00
019a485d-1955-772f-9248-0886dde058af,ねぼすけ,4,2025-11-03 06:17:32.248883+00,2025-11-03 06:17:32.248883+00
019a485d-4b39-7987-8310-dce4ebb6677d,ニパ,1,2025-11-03 06:17:45.021162+00,2025-11-03 06:17:45.021162+00
019a485f-1441-79f1-b6b8-c96a72bbb631,まくほ,2,2025-11-03 06:19:42.021036+00,2025-11-03 06:19:42.021036+00
019a4860-9b2c-73ef-8990-eb922c4f46b3,川畑君,3,2025-11-03 06:21:22.095565+00,2025-11-03 06:21:22.095565+00
019a4861-2b2e-76f6-9eea-d87e0e962b60,教え子の欠片,2,2025-11-03 06:21:58.961901+00,2025-11-03 06:21:58.961901+00
019a4861-4ab0-7c53-9d05-3490544d1ffe,たかはし,2,2025-11-03 06:22:07.028376+00,2025-11-03 06:22:07.028376+00
019a4861-58c7-7240-a705-3236de84aad0,イノウエ,3,2025-11-03 06:22:10.634504+00,2025-11-03 06:22:10.634504+00
019a4861-8fd0-7b76-88f5-3bfb795d1240,高橋,3,2025-11-03 06:22:24.724125+00,2025-11-03 06:22:24.724125+00
019a4862-1c43-744e-98e1-7ca8c76db174,イノウエ,3,2025-11-03 06:23:00.678651+00,2025-11-03 06:23:00.678651+00
019a4870-0efc-7ba8-b0d6-7c310d7040b3,ﾋﾛｵｶ,2,2025-11-03 06:38:14.784309+00,2025-11-03 06:38:14.784309+00
019a4870-173c-721c-a545-ee746da1e281,ちっちゃいものクラブ,2,2025-11-03 06:38:16.89659+00,2025-11-03 06:38:16.89659+00
019a4870-3810-7455-afb4-d29be7cfe773,永瀬,3,2025-11-03 06:38:25.299984+00,2025-11-03 06:38:25.299984+00
019a4870-6f03-7b0d-a4de-1449165bd33f,粒高しか勝たん,2,2025-11-03 06:38:39.367278+00,2025-11-03 06:38:39.367278+00
019a4870-88ca-7d2f-a351-611eef2bcca7,エクスカリバーゆうみ,2,2025-11-03 06:38:45.96661+00,2025-11-03 06:38:45.96661+00
019a4870-bbe3-7d60-88ed-95d8462e4228,脅威,4,2025-11-03 06:38:59.047355+00,2025-11-03 06:38:59.047355+00
019a4872-ce35-7e90-9c3b-f499023b0f22,おかたずけ,2,2025-11-03 06:41:14.824503+00,2025-11-03 06:41:14.824503+00
019a4873-5c5a-768f-a7ac-f2fdb28ac938,脅威,4,2025-11-03 06:41:51.197986+00,2025-11-03 06:41:51.197986+00
019a4875-26c0-7326-9fd5-e845d93295b2,呑兵衛,2,2025-11-03 06:43:48.547716+00,2025-11-03 06:43:48.547716+00
019a4876-446c-756a-b4e5-c7d7c8210a5c,粒高しか勝たん,2,2025-11-03 06:45:01.679853+00,2025-11-03 06:45:01.679853+00
019a4885-6d77-702b-bce8-7a534cb370bb,ちはるん,3,2025-11-03 07:01:35.226801+00,2025-11-03 07:01:35.226801+00
019a4885-d10a-73a9-b280-4efb6edde922,ゆらかばしこころ,3,2025-11-03 07:02:00.718414+00,2025-11-03 07:02:00.718414+00
019a4888-3baa-7488-b0c7-5eeb9811df74,UNITE,2,2025-11-03 07:04:39.08588+00,2025-11-03 07:04:39.08588+00
019a4888-6739-76c1-9024-d4f11b7e1ed1,いくいく,1,2025-11-03 07:04:50.236928+00,2025-11-03 07:04:50.236928+00
019a4888-a9d4-7c37-b362-b883fd1d3c0e,阪吹55期,2,2025-11-03 07:05:07.288484+00,2025-11-03 07:05:07.288484+00
019a489b-4bc7-7318-bc3b-63613bb426cb,TTT,3,2025-11-03 07:25:28.394818+00,2025-11-03 07:25:28.394818+00
019a489b-a4c3-7b47-967a-ea1ea1eeb738,畷の誇りは大阪の恥,2,2025-11-03 07:25:51.175141+00,2025-11-03 07:25:51.175141+00
019a489c-162f-7935-9602-f0437b970fc3,あああああああ,1,2025-11-03 07:26:20.211022+00,2025-11-03 07:26:20.211022+00
019a489c-1da4-79db-898a-fc01bfe93eb9,茨木ファイターズ,3,2025-11-03 07:26:22.120849+00,2025-11-03 07:26:22.120849+00
019a489c-3048-74e8-ab75-9fd13870549c,GDG on Campus Osaka (1),4,2025-11-03 07:26:26.891979+00,2025-11-03 07:26:26.891979+00
019a489c-5859-7de4-be7e-bcee10f2c2d0,やきとり,2,2025-11-03 07:26:37.149275+00,2025-11-03 07:26:37.149275+00
019a489c-5e99-795b-8c25-a3306556584d,じんか♡,2,2025-11-03 07:26:38.752954+00,2025-11-03 07:26:38.752954+00
019a489c-840d-74a8-aa47-bff3b70d277c,OOK内閣,4,2025-11-03 07:26:48.33689+00,2025-11-03 07:26:48.33689+00
019a489c-b2ca-7e1a-805e-8eb7cb9f324c,AK,2,2025-11-03 07:27:00.30275+00,2025-11-03 07:27:00.30275+00
019a489c-c41d-746b-b422-09a49236c819,てい,2,2025-11-03 07:27:04.736677+00,2025-11-03 07:27:04.736677+00
019a489d-3f1a-76ac-9410-8b41f920ad5d,高槻ファイターズ,3,2025-11-03 07:27:36.221974+00,2025-11-03 07:27:36.221974+00
019a489f-6828-769e-a2ea-05d14692b7ee,けんぼう,2,2025-11-03 07:29:57.804432+00,2025-11-03 07:29:57.804432+00
019a489f-96a4-76e6-babb-932b4fb52306,ともちゃんの集い,3,2025-11-03 07:30:09.70442+00,2025-11-03 07:30:09.70442+00
019a48b1-7249-7631-bbaf-b04ffd9b7993,きむこんち,4,2025-11-03 07:49:40.045666+00,2025-11-03 07:49:40.045666+00
019a48b1-9a23-70d2-a0fe-ccd6d8f9c7b9,まぜそば,4,2025-11-03 07:49:50.246895+00,2025-11-03 07:49:50.246895+00
019a48b2-36e6-7e72-9563-994dd53e6f7a,かずま,3,2025-11-03 07:50:30.378958+00,2025-11-03 07:50:30.378958+00
019a48b2-bdd0-7997-bc1a-2548c39607f7,海遊館,4,2025-11-03 07:51:04.917003+00,2025-11-03 07:51:04.917003+00
019a48b3-bccd-7d4a-bb61-7cdec7b4219a,じゃべんだー,2,2025-11-03 07:52:10.19381+00,2025-11-03 07:52:10.19381+00
019a48b3-c158-7940-8ec9-8a26a601088a,お名前を入力してください,2,2025-11-03 07:52:11.357537+00,2025-11-03 07:52:11.357537+00
019a48b4-0957-73ec-a93c-983f67bd4387,ねるねるねるね,1,2025-11-03 07:52:29.787024+00,2025-11-03 07:52:29.787024+00
019a48b4-ca87-7d48-b02c-a4dc5ea88b78,お名前を入力してください,2,2025-11-03 07:53:19.243854+00,2025-11-03 07:53:19.243854+00
019a48c4-d6e2-7b37-b66c-c8f62c7f52a2,乾家,2,2025-11-03 08:10:50.982474+00,2025-11-03 08:10:50.982474+00
019a48c5-0c3f-7ee4-867f-380044622162,下肢の筋肉,4,2025-11-03 08:11:04.643509+00,2025-11-03 08:11:04.643509+00
019a48c5-8ba5-7e02-afaf-3b29febbd9e9,その子,2,2025-11-03 08:11:37.257469+00,2025-11-03 08:11:37.257469+00
019a48c5-8cb5-7339-af47-9ed8798221ce,かっさん,3,2025-11-03 08:11:37.529088+00,2025-11-03 08:11:37.529088+00
019a48d4-e9c7-7dd0-8d86-1ea9512eb981,よぎ　くみ,2,2025-11-03 08:28:24.395362+00,2025-11-03 08:28:24.395362+00
019a48d4-fbd6-7433-bdb1-13da71764188,あかね,2,2025-11-03 08:28:29.018061+00,2025-11-03 08:28:29.018061+00
019a48d4-fe8a-7d17-9755-1c5e2aa67560,てんもも,2,2025-11-03 08:28:29.710394+00,2025-11-03 08:28:29.710394+00
019a48d5-874d-74f6-b202-8000f2caf4db,たむら,2,2025-11-03 08:29:04.720699+00,2025-11-03 08:29:04.720699+00
